"","TreeLocationID","Column","Row"
"1",2817,"W",1
"2",2818,"W",2
"3",2819,"W",3
"4",2820,"W",4
"5",2821,"W",5
"6",2822,"W",6
"7",2823,"W",7
"8",2824,"W",8
"9",2825,"W",9
"10",2826,"W",10
"11",2827,"W",11
"12",2828,"W",12
"13",2829,"W",13
"14",2830,"W",14
"15",2831,"W",15
"16",2832,"W",16
"17",2833,"W",17
"18",2834,"W",18
"19",2835,"W",19
"20",2836,"W",20
"21",2837,"W",21
"22",2838,"W",22
"23",2839,"W",23
"24",2840,"W",24
"25",2841,"W",25
"26",2842,"W",26
"27",2843,"W",27
"28",2844,"W",28
"29",2845,"W",29
"30",2846,"W",30
"31",2847,"W",31
"32",2848,"W",32
"33",2849,"W",33
"34",2850,"W",34
"35",2851,"W",35
"36",2852,"W",36
"37",2853,"W",37
"38",2854,"W",38
"39",2855,"W",39
"40",2856,"W",40
"41",2857,"W",41
"42",2858,"W",42
"43",2859,"W",43
"44",2860,"W",44
"45",2861,"W",45
"46",2862,"W",46
"47",2863,"W",47
"48",2864,"W",48
"49",2865,"W",49
"50",2866,"W",50
"51",2867,"W",51
"52",2868,"W",52
"53",2869,"W",53
"54",2870,"W",54
"55",2871,"W",55
"56",2872,"W",56
"57",2873,"W",57
"58",2874,"W",58
"59",2875,"W",59
"60",2876,"W",60
"61",2877,"W",61
"62",2878,"W",62
"63",2879,"W",63
"64",2880,"W",64
"65",2881,"W",65
"66",2882,"W",66
"67",2883,"W",67
"68",2884,"W",68
"69",2885,"W",69
"70",2886,"W",70
"71",2887,"W",71
"72",2888,"W",72
"73",2889,"W",73
"74",2890,"W",74
"75",2891,"W",75
"76",2892,"W",76
"77",2893,"W",77
"78",2894,"W",78
"79",2895,"W",79
"80",2896,"W",80
"81",2897,"W",81
"82",2898,"W",82
"83",2899,"W",83
"84",2900,"W",84
"85",2901,"W",85
"86",2902,"W",86
"87",2903,"W",87
"88",2904,"W",88
"89",2905,"W",89
"90",2906,"W",90
"91",2907,"W",91
"92",2908,"W",92
"93",2909,"W",93
"94",2910,"W",94
"95",2911,"W",95
"96",2912,"W",96
"97",2913,"W",97
"98",2914,"W",98
"99",2915,"W",99
"100",2916,"W",100
"101",2917,"W",101
"102",2918,"W",102
"103",2919,"W",103
"104",2920,"W",104
"105",2921,"W",105
"106",2922,"W",106
"107",2923,"W",107
"108",2924,"W",108
"109",2925,"W",109
"110",2926,"W",110
"111",2927,"W",111
"112",2928,"W",112
"113",2945,"X",1
"114",2946,"X",2
"115",2947,"X",3
"116",2948,"X",4
"117",2949,"X",5
"118",2950,"X",6
"119",2951,"X",7
"120",2952,"X",8
"121",2953,"X",9
"122",2954,"X",10
"123",2955,"X",11
"124",2956,"X",12
"125",2957,"X",13
"126",2958,"X",14
"127",2959,"X",15
"128",2960,"X",16
"129",2961,"X",17
"130",2962,"X",18
"131",2963,"X",19
"132",2964,"X",20
"133",2965,"X",21
"134",2966,"X",22
"135",2967,"X",23
"136",2968,"X",24
"137",2969,"X",25
"138",2970,"X",26
"139",2971,"X",27
"140",2972,"X",28
"141",2973,"X",29
"142",2974,"X",30
"143",2975,"X",31
"144",2976,"X",32
"145",2977,"X",33
"146",2978,"X",34
"147",2979,"X",35
"148",2980,"X",36
"149",2981,"X",37
"150",2982,"X",38
"151",2983,"X",39
"152",2984,"X",40
"153",2985,"X",41
"154",2986,"X",42
"155",2987,"X",43
"156",2988,"X",44
"157",2989,"X",45
"158",2990,"X",46
"159",2991,"X",47
"160",2992,"X",48
"161",2993,"X",49
"162",2994,"X",50
"163",2995,"X",51
"164",2996,"X",52
"165",2997,"X",53
"166",2998,"X",54
"167",2999,"X",55
"168",3000,"X",56
"169",3001,"X",57
"170",3002,"X",58
"171",3003,"X",59
"172",3004,"X",60
"173",3005,"X",61
"174",3006,"X",62
"175",3007,"X",63
"176",3008,"X",64
"177",3009,"X",65
"178",3010,"X",66
"179",3011,"X",67
"180",3012,"X",68
"181",3013,"X",69
"182",3014,"X",70
"183",3015,"X",71
"184",3016,"X",72
"185",3017,"X",73
"186",3018,"X",74
"187",3019,"X",75
"188",3020,"X",76
"189",3021,"X",77
"190",3022,"X",78
"191",3023,"X",79
"192",3024,"X",80
"193",3025,"X",81
"194",3026,"X",82
"195",3027,"X",83
"196",3028,"X",84
"197",3029,"X",85
"198",3030,"X",86
"199",3031,"X",87
"200",3032,"X",88
"201",3033,"X",89
"202",3034,"X",90
"203",3035,"X",91
"204",3036,"X",92
"205",3037,"X",93
"206",3038,"X",94
"207",3039,"X",95
"208",3040,"X",96
"209",3041,"X",97
"210",3042,"X",98
"211",3043,"X",99
"212",3044,"X",100
"213",3045,"X",101
"214",3046,"X",102
"215",3047,"X",103
"216",3048,"X",104
"217",3049,"X",105
"218",3050,"X",106
"219",3051,"X",107
"220",3052,"X",108
"221",3053,"X",109
"222",3054,"X",110
"223",3055,"X",111
"224",3056,"X",112
"225",3073,"Y",1
"226",3074,"Y",2
"227",3075,"Y",3
"228",3076,"Y",4
"229",3077,"Y",5
"230",3078,"Y",6
"231",3079,"Y",7
"232",3080,"Y",8
"233",3081,"Y",9
"234",3082,"Y",10
"235",3083,"Y",11
"236",3084,"Y",12
"237",3085,"Y",13
"238",3086,"Y",14
"239",3087,"Y",15
"240",3088,"Y",16
"241",3089,"Y",17
"242",3090,"Y",18
"243",3091,"Y",19
"244",3092,"Y",20
"245",3093,"Y",21
"246",3094,"Y",22
"247",3095,"Y",23
"248",3096,"Y",24
"249",3097,"Y",25
"250",3098,"Y",26
"251",3099,"Y",27
"252",3100,"Y",28
"253",3101,"Y",29
"254",3102,"Y",30
"255",3103,"Y",31
"256",3104,"Y",32
"257",3105,"Y",33
"258",3106,"Y",34
"259",3107,"Y",35
"260",3108,"Y",36
"261",3109,"Y",37
"262",3110,"Y",38
"263",3111,"Y",39
"264",3112,"Y",40
"265",3113,"Y",41
"266",3114,"Y",42
"267",3115,"Y",43
"268",3116,"Y",44
"269",3117,"Y",45
"270",3118,"Y",46
"271",3119,"Y",47
"272",3120,"Y",48
"273",3121,"Y",49
"274",3122,"Y",50
"275",3123,"Y",51
"276",3124,"Y",52
"277",3125,"Y",53
"278",3126,"Y",54
"279",3127,"Y",55
"280",3128,"Y",56
"281",3129,"Y",57
"282",3130,"Y",58
"283",3131,"Y",59
"284",3132,"Y",60
"285",3133,"Y",61
"286",3134,"Y",62
"287",3135,"Y",63
"288",3136,"Y",64
"289",3137,"Y",65
"290",3138,"Y",66
"291",3139,"Y",67
"292",3140,"Y",68
"293",3141,"Y",69
"294",3142,"Y",70
"295",3143,"Y",71
"296",3144,"Y",72
"297",3145,"Y",73
"298",3146,"Y",74
"299",3147,"Y",75
"300",3148,"Y",76
"301",3149,"Y",77
"302",3150,"Y",78
"303",3151,"Y",79
"304",3152,"Y",80
"305",3153,"Y",81
"306",3154,"Y",82
"307",3155,"Y",83
"308",3156,"Y",84
"309",3157,"Y",85
"310",3158,"Y",86
"311",3159,"Y",87
"312",3160,"Y",88
"313",3161,"Y",89
"314",3162,"Y",90
"315",3163,"Y",91
"316",3164,"Y",92
"317",3165,"Y",93
"318",3166,"Y",94
"319",3167,"Y",95
"320",3168,"Y",96
"321",3169,"Y",97
"322",3170,"Y",98
"323",3171,"Y",99
"324",3172,"Y",100
"325",3173,"Y",101
"326",3174,"Y",102
"327",3175,"Y",103
"328",3176,"Y",104
"329",3177,"Y",105
"330",3178,"Y",106
"331",3179,"Y",107
"332",3180,"Y",108
"333",3181,"Y",109
"334",3182,"Y",110
"335",3183,"Y",111
"336",3184,"Y",112
"337",3201,"Z",1
"338",3202,"Z",2
"339",3203,"Z",3
"340",3204,"Z",4
"341",3205,"Z",5
"342",3206,"Z",6
"343",3207,"Z",7
"344",3208,"Z",8
"345",3209,"Z",9
"346",3210,"Z",10
"347",3211,"Z",11
"348",3212,"Z",12
"349",3213,"Z",13
"350",3214,"Z",14
"351",3215,"Z",15
"352",3216,"Z",16
"353",3217,"Z",17
"354",3218,"Z",18
"355",3219,"Z",19
"356",3220,"Z",20
"357",3221,"Z",21
"358",3222,"Z",22
"359",3223,"Z",23
"360",3224,"Z",24
"361",3225,"Z",25
"362",3226,"Z",26
"363",3227,"Z",27
"364",3228,"Z",28
"365",3229,"Z",29
"366",3230,"Z",30
"367",3231,"Z",31
"368",3232,"Z",32
"369",3233,"Z",33
"370",3234,"Z",34
"371",3235,"Z",35
"372",3236,"Z",36
"373",3237,"Z",37
"374",3238,"Z",38
"375",3239,"Z",39
"376",3240,"Z",40
"377",3241,"Z",41
"378",3242,"Z",42
"379",3243,"Z",43
"380",3244,"Z",44
"381",3245,"Z",45
"382",3246,"Z",46
"383",3247,"Z",47
"384",3248,"Z",48
"385",3249,"Z",49
"386",3250,"Z",50
"387",3251,"Z",51
"388",3252,"Z",52
"389",3253,"Z",53
"390",3254,"Z",54
"391",3255,"Z",55
"392",3256,"Z",56
"393",3257,"Z",57
"394",3258,"Z",58
"395",3259,"Z",59
"396",3260,"Z",60
"397",3261,"Z",61
"398",3262,"Z",62
"399",3263,"Z",63
"400",3264,"Z",64
"401",3265,"Z",65
"402",3266,"Z",66
"403",3267,"Z",67
"404",3268,"Z",68
"405",3269,"Z",69
"406",3270,"Z",70
"407",3271,"Z",71
"408",3272,"Z",72
